--------------------------------------------------------
-- Archivo creado  - mi�rcoles-febrero-07-2018   
--------------------------------------------------------

--------------------------------------------------------
--  DDL eliminen les taules si existeixen previament
--------------------------------------------------------

DROP TABLE "TICKETS";
DROP TABLE "VOL";
DROP TABLE "AVIO";
DROP TABLE "PASSATGER";
DROP TABLE "AGENCIA";
--------------------------------------------------------
--  DDL for Table AGENCIA
--------------------------------------------------------

  CREATE TABLE "AGENCIA"  (	
    "CODI_AGENCIA" NUMBER,
    "NOM_AGENCIA" VARCHAR2(30), 
	"LOCALITAT" VARCHAR2(30), 
	"CP" NUMBER, 
	"TELEFON" NUMBER, 
	"DATA_FUNDACIO" DATE 
   ) ;
--------------------------------------------------------
--  DDL for Table AVIO
--------------------------------------------------------

  CREATE TABLE "AVIO"   (	
    "CODI_AVIO" VARCHAR2(30), 
	"TIPUS" VARCHAR2(30), 
	"NOMBRE_PLACES_FINESTRA" NUMBER, 
	"NOMBRE_PLACES_INTERIOR" NUMBER
   ) ;
--------------------------------------------------------
--  DDL for Table PASSATGER
--------------------------------------------------------

  CREATE TABLE "PASSATGER"   (	
    "NUM_PASSAPORT" NUMBER, 
	"NOM" VARCHAR2(30), 
	"COGNOM" VARCHAR2(30), 
	"NACIONALITAT" VARCHAR2(30), 
	"DNI" VARCHAR2(30), 
	"TELEFON_CONTACTE" NUMBER
   ) ;
--------------------------------------------------------
--  DDL for Table TICKETS
--------------------------------------------------------

  CREATE TABLE "TICKETS"   (
    "CODI_VOL" NUMBER, 
	"NUM_PASSAPORT" NUMBER, 
	"TIPUS" VARCHAR2(30), 
	"IMPORT_INICIAL" NUMBER, 
	"DESCOMPTE" NUMBER, 
	"IMPORT_FINAL" NUMBER, 
	"AGENCIA" NUMBER
   ) ;
--------------------------------------------------------
--  DDL for Table VOL
--------------------------------------------------------

  CREATE TABLE "VOL"  (	
    "CODI_VOL" NUMBER, 
	"CODI_AVIO" VARCHAR2(30), 
	"SORTIDA" VARCHAR2(30), 
	"DESTINACIO" VARCHAR2(30), 
	"DATA_SORTIDA" DATE, 
	"PREU_FINESTRA" NUMBER, 
	"PREU_INTERIOR" NUMBER
   ) ;
REM INSERTING into AGENCIA
SET DEFINE OFF;
Insert into AGENCIA (CODI_AGENCIA,NOM_AGENCIA,LOCALITAT,CP,TELEFON,DATA_FUNDACIO) values ('5','CerdanyolaRoute','Cerdanyola','8110','11111111111',to_date('01/01/07','DD/MM/RR'));
Insert into AGENCIA (CODI_AGENCIA,NOM_AGENCIA,LOCALITAT,CP,TELEFON,DATA_FUNDACIO) values ('1','Viatges Montcada','Montcada','8110','93876543',to_date('01/01/09','DD/MM/RR'));
Insert into AGENCIA (CODI_AGENCIA,NOM_AGENCIA,LOCALITAT,CP,TELEFON,DATA_FUNDACIO) values ('2','Travel Sabadell','Sabadell','8203','93865231',to_date('01/01/08','DD/MM/RR'));
Insert into AGENCIA (CODI_AGENCIA,NOM_AGENCIA,LOCALITAT,CP,TELEFON,DATA_FUNDACIO) values ('3','EasyMontcada','Montcada','8111','99999999',to_date('01/01/07','DD/MM/RR'));
Insert into AGENCIA (CODI_AGENCIA,NOM_AGENCIA,LOCALITAT,CP,TELEFON,DATA_FUNDACIO) values ('4','BarnaTravel','Barcelona','8080','66666666',to_date('01/01/08','DD/MM/RR'));
REM INSERTING into AVIO
SET DEFINE OFF;
Insert into AVIO (CODI_AVIO,TIPUS,NOMBRE_PLACES_FINESTRA,NOMBRE_PLACES_INTERIOR) values ('JKL-522','Concorde','30','60');
Insert into AVIO (CODI_AVIO,TIPUS,NOMBRE_PLACES_FINESTRA,NOMBRE_PLACES_INTERIOR) values ('JKL-526','Concorde','10','20');
Insert into AVIO (CODI_AVIO,TIPUS,NOMBRE_PLACES_FINESTRA,NOMBRE_PLACES_INTERIOR) values ('JKL-528','Concorde','10','2');
Insert into AVIO (CODI_AVIO,TIPUS,NOMBRE_PLACES_FINESTRA,NOMBRE_PLACES_INTERIOR) values ('JKL-527','Jumbo','20','30');
Insert into AVIO (CODI_AVIO,TIPUS,NOMBRE_PLACES_FINESTRA,NOMBRE_PLACES_INTERIOR) values ('JKL-521','Jumbo','20','30');
Insert into AVIO (CODI_AVIO,TIPUS,NOMBRE_PLACES_FINESTRA,NOMBRE_PLACES_INTERIOR) values ('JKL-524','Concorde','30','60');
Insert into AVIO (CODI_AVIO,TIPUS,NOMBRE_PLACES_FINESTRA,NOMBRE_PLACES_INTERIOR) values ('JKL-525','Jumbo','10','2');
Insert into AVIO (CODI_AVIO,TIPUS,NOMBRE_PLACES_FINESTRA,NOMBRE_PLACES_INTERIOR) values ('JKL-523','Jumbo','10','2');
REM INSERTING into PASSATGER
SET DEFINE OFF;
Insert into PASSATGER (NUM_PASSAPORT,NOM,COGNOM,NACIONALITAT,DNI,TELEFON_CONTACTE) values ('222222223','Bob','Spongebob',null,null,null);
Insert into PASSATGER (NUM_PASSAPORT,NOM,COGNOM,NACIONALITAT,DNI,TELEFON_CONTACTE) values ('987654321','Osama','Bin Laden','Saud�','12345WTC','666666541');
Insert into PASSATGER (NUM_PASSAPORT,NOM,COGNOM,NACIONALITAT,DNI,TELEFON_CONTACTE) values ('222222222','Salvador','Clos','Espanyola','111111A','999999999');
Insert into PASSATGER (NUM_PASSAPORT,NOM,COGNOM,NACIONALITAT,DNI,TELEFON_CONTACTE) values ('333333333','Jorge','Lorenzo','Espanyola','222222B','111111111');
Insert into PASSATGER (NUM_PASSAPORT,NOM,COGNOM,NACIONALITAT,DNI,TELEFON_CONTACTE) values ('666666666','Gonzalo','Cabot','Argentina',null,'111111114');
Insert into PASSATGER (NUM_PASSAPORT,NOM,COGNOM,NACIONALITAT,DNI,TELEFON_CONTACTE) values ('777777777','Margarita','Luengo','Espanyola','333333A','111111115');
Insert into PASSATGER (NUM_PASSAPORT,NOM,COGNOM,NACIONALITAT,DNI,TELEFON_CONTACTE) values ('9090909','Jordi','Mu�oz','Espanyola','09090909F','111111111');
Insert into PASSATGER (NUM_PASSAPORT,NOM,COGNOM,NACIONALITAT,DNI,TELEFON_CONTACTE) values ('111111111','Beatriu','Apasategui','Argentina',null,'987654123');
Insert into PASSATGER (NUM_PASSAPORT,NOM,COGNOM,NACIONALITAT,DNI,TELEFON_CONTACTE) values ('444444444','Scotty','Bremms','Anglesa',null,'111111112');
Insert into PASSATGER (NUM_PASSAPORT,NOM,COGNOM,NACIONALITAT,DNI,TELEFON_CONTACTE) values ('555555555','Eva','Mart�nez','Espanyola','111111D','111111113');
Insert into PASSATGER (NUM_PASSAPORT,NOM,COGNOM,NACIONALITAT,DNI,TELEFON_CONTACTE) values ('123456789','Joseba','Juste','Argentina','123456789A','628123478');
Insert into PASSATGER (NUM_PASSAPORT,NOM,COGNOM,NACIONALITAT,DNI,TELEFON_CONTACTE) values ('42768534','Marc','Bravo','Espanyola','42768534Z','555254252');
REM INSERTING into TICKETS
SET DEFINE OFF;
Insert into TICKETS (CODI_VOL,NUM_PASSAPORT,TIPUS,IMPORT_INICIAL,DESCOMPTE,IMPORT_FINAL,AGENCIA) values ('10002','333333333','Finestra','90','0','90','2');
Insert into TICKETS (CODI_VOL,NUM_PASSAPORT,TIPUS,IMPORT_INICIAL,DESCOMPTE,IMPORT_FINAL,AGENCIA) values ('10300','444444444','Interior','80','0','80','1');
Insert into TICKETS (CODI_VOL,NUM_PASSAPORT,TIPUS,IMPORT_INICIAL,DESCOMPTE,IMPORT_FINAL,AGENCIA) values ('10007','333333333','Finestra','90','5','85,5','3');
Insert into TICKETS (CODI_VOL,NUM_PASSAPORT,TIPUS,IMPORT_INICIAL,DESCOMPTE,IMPORT_FINAL,AGENCIA) values ('10014','111111111','Finestra','110','10','99','1');
Insert into TICKETS (CODI_VOL,NUM_PASSAPORT,TIPUS,IMPORT_INICIAL,DESCOMPTE,IMPORT_FINAL,AGENCIA) values ('10015','666666666','Finestra','150','0','215','1');
Insert into TICKETS (CODI_VOL,NUM_PASSAPORT,TIPUS,IMPORT_INICIAL,DESCOMPTE,IMPORT_FINAL,AGENCIA) values ('10001','222222222','Finestra','90','10','81','5');
Insert into TICKETS (CODI_VOL,NUM_PASSAPORT,TIPUS,IMPORT_INICIAL,DESCOMPTE,IMPORT_FINAL,AGENCIA) values ('10014','666666666','Interior','100','5','95','4');
Insert into TICKETS (CODI_VOL,NUM_PASSAPORT,TIPUS,IMPORT_INICIAL,DESCOMPTE,IMPORT_FINAL,AGENCIA) values ('10007','444444444','Interior','80','0','80','3');
Insert into TICKETS (CODI_VOL,NUM_PASSAPORT,TIPUS,IMPORT_INICIAL,DESCOMPTE,IMPORT_FINAL,AGENCIA) values ('10009','9090909','Finestra','180','0','180','2');
Insert into TICKETS (CODI_VOL,NUM_PASSAPORT,TIPUS,IMPORT_INICIAL,DESCOMPTE,IMPORT_FINAL,AGENCIA) values ('10009','42768534','Finestra','180','0','180','3');
Insert into TICKETS (CODI_VOL,NUM_PASSAPORT,TIPUS,IMPORT_INICIAL,DESCOMPTE,IMPORT_FINAL,AGENCIA) values ('10009','111111111','Finestra','180','0','180','4');
Insert into TICKETS (CODI_VOL,NUM_PASSAPORT,TIPUS,IMPORT_INICIAL,DESCOMPTE,IMPORT_FINAL,AGENCIA) values ('10009','222222222','Finestra','180','0','180','3');
Insert into TICKETS (CODI_VOL,NUM_PASSAPORT,TIPUS,IMPORT_INICIAL,DESCOMPTE,IMPORT_FINAL,AGENCIA) values ('10009','333333333','Finestra','180','0','180','2');
Insert into TICKETS (CODI_VOL,NUM_PASSAPORT,TIPUS,IMPORT_INICIAL,DESCOMPTE,IMPORT_FINAL,AGENCIA) values ('10009','444444444','Finestra','180','0','180','1');
Insert into TICKETS (CODI_VOL,NUM_PASSAPORT,TIPUS,IMPORT_INICIAL,DESCOMPTE,IMPORT_FINAL,AGENCIA) values ('10009','555555555','Finestra','180','0','180','4');
Insert into TICKETS (CODI_VOL,NUM_PASSAPORT,TIPUS,IMPORT_INICIAL,DESCOMPTE,IMPORT_FINAL,AGENCIA) values ('10009','666666666','Finestra','180','0','180','3');
Insert into TICKETS (CODI_VOL,NUM_PASSAPORT,TIPUS,IMPORT_INICIAL,DESCOMPTE,IMPORT_FINAL,AGENCIA) values ('10009','777777777','Finestra','180','0','180','2');
Insert into TICKETS (CODI_VOL,NUM_PASSAPORT,TIPUS,IMPORT_INICIAL,DESCOMPTE,IMPORT_FINAL,AGENCIA) values ('10009','987654321','Finestra','180','0','180','2');
Insert into TICKETS (CODI_VOL,NUM_PASSAPORT,TIPUS,IMPORT_INICIAL,DESCOMPTE,IMPORT_FINAL,AGENCIA) values ('10012','9090909','Interior','160','10','144','2');
Insert into TICKETS (CODI_VOL,NUM_PASSAPORT,TIPUS,IMPORT_INICIAL,DESCOMPTE,IMPORT_FINAL,AGENCIA) values ('10012','42768534','Interior','160','10','144','3');
Insert into TICKETS (CODI_VOL,NUM_PASSAPORT,TIPUS,IMPORT_INICIAL,DESCOMPTE,IMPORT_FINAL,AGENCIA) values ('10012','111111111','Interior','160','10','144','4');
Insert into TICKETS (CODI_VOL,NUM_PASSAPORT,TIPUS,IMPORT_INICIAL,DESCOMPTE,IMPORT_FINAL,AGENCIA) values ('10012','222222222','Interior','160','10','144','3');
Insert into TICKETS (CODI_VOL,NUM_PASSAPORT,TIPUS,IMPORT_INICIAL,DESCOMPTE,IMPORT_FINAL,AGENCIA) values ('10012','333333333','Interior','160','10','144','2');
Insert into TICKETS (CODI_VOL,NUM_PASSAPORT,TIPUS,IMPORT_INICIAL,DESCOMPTE,IMPORT_FINAL,AGENCIA) values ('10012','444444444','Interior','160','10','144','1');
Insert into TICKETS (CODI_VOL,NUM_PASSAPORT,TIPUS,IMPORT_INICIAL,DESCOMPTE,IMPORT_FINAL,AGENCIA) values ('10012','555555555','Interior','160','10','144','4');
Insert into TICKETS (CODI_VOL,NUM_PASSAPORT,TIPUS,IMPORT_INICIAL,DESCOMPTE,IMPORT_FINAL,AGENCIA) values ('10012','666666666','Interior','160','10','144','3');
Insert into TICKETS (CODI_VOL,NUM_PASSAPORT,TIPUS,IMPORT_INICIAL,DESCOMPTE,IMPORT_FINAL,AGENCIA) values ('10012','777777777','Interior','160','10','144','2');
Insert into TICKETS (CODI_VOL,NUM_PASSAPORT,TIPUS,IMPORT_INICIAL,DESCOMPTE,IMPORT_FINAL,AGENCIA) values ('10012','987654321','Interior','160','10','144','2');
Insert into TICKETS (CODI_VOL,NUM_PASSAPORT,TIPUS,IMPORT_INICIAL,DESCOMPTE,IMPORT_FINAL,AGENCIA) values ('10002','222222222','Interior','80','0','80','2');
Insert into TICKETS (CODI_VOL,NUM_PASSAPORT,TIPUS,IMPORT_INICIAL,DESCOMPTE,IMPORT_FINAL,AGENCIA) values ('10014','222222222','Finestra','110','10','99','1');
Insert into TICKETS (CODI_VOL,NUM_PASSAPORT,TIPUS,IMPORT_INICIAL,DESCOMPTE,IMPORT_FINAL,AGENCIA) values ('10001','444444444','Finestra','90','10','81','5');
Insert into TICKETS (CODI_VOL,NUM_PASSAPORT,TIPUS,IMPORT_INICIAL,DESCOMPTE,IMPORT_FINAL,AGENCIA) values ('10001','111111111','Finestra','90','2','81','2');
Insert into TICKETS (CODI_VOL,NUM_PASSAPORT,TIPUS,IMPORT_INICIAL,DESCOMPTE,IMPORT_FINAL,AGENCIA) values ('10001','666666666','Interior','80','0','80','3');
REM INSERTING into VOL
SET DEFINE OFF;
Insert into VOL (CODI_VOL,CODI_AVIO,SORTIDA,DESTINACIO,DATA_SORTIDA,PREU_FINESTRA,PREU_INTERIOR) values ('10010','JKL-526','Barcelona','Istambul',to_date('23/06/08','DD/MM/RR'),'100','80');
Insert into VOL (CODI_VOL,CODI_AVIO,SORTIDA,DESTINACIO,DATA_SORTIDA,PREU_FINESTRA,PREU_INTERIOR) values ('10300','JKL-521','Barcelona','Madrid',to_date('01/02/09','DD/MM/RR'),'90','81');
Insert into VOL (CODI_VOL,CODI_AVIO,SORTIDA,DESTINACIO,DATA_SORTIDA,PREU_FINESTRA,PREU_INTERIOR) values ('10004','JKL-525','Munich','Barcelona',to_date('15/06/08','DD/MM/RR'),'80','75');
Insert into VOL (CODI_VOL,CODI_AVIO,SORTIDA,DESTINACIO,DATA_SORTIDA,PREU_FINESTRA,PREU_INTERIOR) values ('10015','JKL-527','Barcelona','Nova York',to_date('20/02/09','DD/MM/RR'),'150','130');
Insert into VOL (CODI_VOL,CODI_AVIO,SORTIDA,DESTINACIO,DATA_SORTIDA,PREU_FINESTRA,PREU_INTERIOR) values ('10011','JKL-522','Barcelona','Madrid',to_date('02/02/09','DD/MM/RR'),'95','85');
Insert into VOL (CODI_VOL,CODI_AVIO,SORTIDA,DESTINACIO,DATA_SORTIDA,PREU_FINESTRA,PREU_INTERIOR) values ('10005','JKL-527','Barcelona','Nova York',to_date('17/06/08','DD/MM/RR'),'140','100');
Insert into VOL (CODI_VOL,CODI_AVIO,SORTIDA,DESTINACIO,DATA_SORTIDA,PREU_FINESTRA,PREU_INTERIOR) values ('10013','JKL-521','Barcelona','Londres',to_date('15/02/09','DD/MM/RR'),'95','85');
Insert into VOL (CODI_VOL,CODI_AVIO,SORTIDA,DESTINACIO,DATA_SORTIDA,PREU_FINESTRA,PREU_INTERIOR) values ('10006','JKL-527','Nova York','Barcelona',to_date('18/06/08','DD/MM/RR'),'140','100');
Insert into VOL (CODI_VOL,CODI_AVIO,SORTIDA,DESTINACIO,DATA_SORTIDA,PREU_FINESTRA,PREU_INTERIOR) values ('10003','JKL-521','Barcelona','Munich',to_date('16/06/08','DD/MM/RR'),'80','75');
Insert into VOL (CODI_VOL,CODI_AVIO,SORTIDA,DESTINACIO,DATA_SORTIDA,PREU_FINESTRA,PREU_INTERIOR) values ('10002','JKL-522','Londres','Barcelona',to_date('15/06/08','DD/MM/RR'),'90','80');
Insert into VOL (CODI_VOL,CODI_AVIO,SORTIDA,DESTINACIO,DATA_SORTIDA,PREU_FINESTRA,PREU_INTERIOR) values ('10014','JKL-527','Munich','Madrid',to_date('10/02/09','DD/MM/RR'),'110','130');
Insert into VOL (CODI_VOL,CODI_AVIO,SORTIDA,DESTINACIO,DATA_SORTIDA,PREU_FINESTRA,PREU_INTERIOR) values ('10001','JKL-521','Barcelona','Londres',to_date('15/06/08','DD/MM/RR'),'90','80');
Insert into VOL (CODI_VOL,CODI_AVIO,SORTIDA,DESTINACIO,DATA_SORTIDA,PREU_FINESTRA,PREU_INTERIOR) values ('10012','JKL-522','Madrid','Barcelona',to_date('04/02/09','DD/MM/RR'),'95','85');
Insert into VOL (CODI_VOL,CODI_AVIO,SORTIDA,DESTINACIO,DATA_SORTIDA,PREU_FINESTRA,PREU_INTERIOR) values ('10009','JKL-526','Istambul','Barcelona',to_date('22/06/08','DD/MM/RR'),'100','80');
Insert into VOL (CODI_VOL,CODI_AVIO,SORTIDA,DESTINACIO,DATA_SORTIDA,PREU_FINESTRA,PREU_INTERIOR) values ('10008','JKL-523','Londres','Barcelona',to_date('21/06/08','DD/MM/RR'),'90','80');
Insert into VOL (CODI_VOL,CODI_AVIO,SORTIDA,DESTINACIO,DATA_SORTIDA,PREU_FINESTRA,PREU_INTERIOR) values ('10007','JKL-523','Barcelona','Londres',to_date('20/06/08','DD/MM/RR'),'90','80');

--------------------------------------------------------
--  Constraints for Table AGENCIA
--------------------------------------------------------

  ALTER TABLE "AGENCIA" ADD CONSTRAINT "PK_AGENCIA" PRIMARY KEY ("CODI_AGENCIA");
--------------------------------------------------------
--  Constraints for Table AVIO
--------------------------------------------------------

  ALTER TABLE "AVIO" ADD CONSTRAINT "PK_AVIO" PRIMARY KEY ("CODI_AVIO");
--------------------------------------------------------
--  Constraints for Table PASSATGER
--------------------------------------------------------

  ALTER TABLE "PASSATGER" ADD CONSTRAINT "PK_PASSATGER" PRIMARY KEY ("NUM_PASSAPORT");
--------------------------------------------------------
--  Constraints for Table TICKETS
--------------------------------------------------------

  ALTER TABLE "TICKETS" ADD CONSTRAINT "PK_TICKETS" PRIMARY KEY ("CODI_VOL", "NUM_PASSAPORT");
--------------------------------------------------------
--  Constraints for Table VOL
--------------------------------------------------------

  ALTER TABLE "VOL" ADD CONSTRAINT "PK_VOL" PRIMARY KEY ("CODI_VOL");
--------------------------------------------------------
--  Ref Constraints for Table TICKETS
--------------------------------------------------------

  ALTER TABLE "TICKETS" ADD CONSTRAINT "FK_TIC_AGE" FOREIGN KEY ("AGENCIA")
	  REFERENCES "AGENCIA" ("CODI_AGENCIA") ENABLE;
  ALTER TABLE "TICKETS" ADD CONSTRAINT "FK_TIC_VOL" FOREIGN KEY ("CODI_VOL")
	  REFERENCES "VOL" ("CODI_VOL") ENABLE;
      
  ALTER TABLE "TICKETS" ADD CONSTRAINT FK_TIC_PAS FOREIGN KEY ("NUM_PASSAPORT") 
        REFERENCES "PASSATGER" ("NUM_PASSAPORT") ;    
--------------------------------------------------------
--  Ref Constraints for Table VOL
--------------------------------------------------------

  ALTER TABLE "VOL" ADD CONSTRAINT "FK_VOL_AVI" FOREIGN KEY ("CODI_AVIO")
	  REFERENCES "AVIO" ("CODI_AVIO") ENABLE;


COMMIT;
